{
  "componentsData": [
    {
      "componentAttr": {
        "rootJoint": true
      },
      "controlShapesData": [],
      "guidesTransformsData": {
        "master": {
          "localMatrix": [
            1.0,
            0.0,
            0.0,
            0.0,
            0.0,
            1.0,
            0.0,
            0.0,
            0.0,
            0.0,
            1.0,
            0.0,
            0.0,
            0.0,
            0.0,
            1.0
          ],
          "rotateOrder": 0
        },
        "offset": {
          "localMatrix": [
            1.0,
            0.0,
            0.0,
            0.0,
            0.0,
            1.0,
            0.0,
            0.0,
            0.0,
            0.0,
            1.0,
            0.0,
            0.0,
            0.0,
            0.0,
            1.0
          ],
          "rotateOrder": 0
        },
        "root": {
          "localMatrix": [
            1.0,
            0.0,
            0.0,
            0.0,
            0.0,
            1.0,
            0.0,
            0.0,
            0.0,
            0.0,
            1.0,
            0.0,
            0.0,
            0.0,
            0.0,
            1.0
          ],
          "rotateOrder": 0
        }
      },
      "metaClass": "Master",
      "metaId": "a7aa3427-5fac-4c2b-844f-c71321c999b1",
      "name": "Master",
      "origScale": 1.0,
      "parentGuideNodeTag": null,
      "parentMetaClass": "ComponentsManager",
      "parentMetaId": "3461e575-e3c8-4668-994d-1a59b2b3429e",
      "side": "M",
      "spaceSwitchInfo": []
    },
    {
      "componentAttr": {
        "hasCogJoint": true,
        "jointCount": 5
      },
      "controlShapesData": [],
      "guidesTransformsData": {
        "cog": {
          "localMatrix": [
            1.0,
            0.0,
            0.0,
            0.0,
            0.0,
            1.0,
            0.0,
            0.0,
            0.0,
            0.0,
            1.0,
            0.0,
            0.0,
            0.0,
            0.0,
            1.0
          ],
          "rotateOrder": 0
        },
        "fk01": {
          "localMatrix": [
            1.0,
            0.0,
            0.0,
            0.0,
            0.0,
            1.0,
            0.0,
            0.0,
            0.0,
            0.0,
            1.0,
            0.0,
            0.0,
            10.0,
            0.0,
            1.0
          ],
          "rotateOrder": 0
        },
        "fk02": {
          "localMatrix": [
            1.0,
            0.0,
            0.0,
            0.0,
            0.0,
            1.0,
            0.0,
            0.0,
            0.0,
            0.0,
            1.0,
            0.0,
            0.0,
            10.0,
            0.0,
            1.0
          ],
          "rotateOrder": 0
        },
        "fk03": {
          "localMatrix": [
            1.0,
            0.0,
            0.0,
            0.0,
            0.0,
            1.0,
            0.0,
            0.0,
            0.0,
            0.0,
            1.0,
            0.0,
            0.0,
            10.0,
            0.0,
            1.0
          ],
          "rotateOrder": 0
        },
        "hip": {
          "localMatrix": [
            1.0,
            0.0,
            0.0,
            0.0,
            0.0,
            1.0,
            0.0,
            0.0,
            0.0,
            0.0,
            1.0,
            0.0,
            0.0,
            0.0,
            0.0,
            1.0
          ],
          "rotateOrder": 0
        },
        "root": {
          "localMatrix": [
            1.0,
            0.0,
            0.0,
            0.0,
            0.0,
            1.0,
            0.0,
            0.0,
            0.0,
            0.0,
            1.0,
            0.0,
            0.0,
            13.846662209400463,
            0.0,
            1.0
          ],
          "rotateOrder": 0
        }
      },
      "metaClass": "FkSpine",
      "metaId": "be92dd74-c655-49d9-9d6b-ca1d257ff260",
      "name": "FkSpine",
      "origScale": 1.0,
      "parentGuideNodeTag": "offset",
      "parentMetaClass": "Master",
      "parentMetaId": "a7aa3427-5fac-4c2b-844f-c71321c999b1",
      "side": "M",
      "spaceSwitchInfo": []
    }
  ],
  "rigName": "LinkRig"
}