{
  "shape": {
    "color": null,
    "degree": 1,
    "isRGB": null,
    "knot": [
      0,
      1,
      2,
      3,
      4,
      5,
      6,
      7
    ],
    "periodic": false,
    "points": [
      [
        0.0,
        0.0,
        0.4015731964883183
      ],
      [
        0.0,
        0.0,
        -0.4015731964883183
      ],
      [
        0.0,
        0.0,
        0.0
      ],
      [
        -0.4015731964883183,
        0.0,
        0.0
      ],
      [
        0.4015731964883183,
        0.0,
        0.0
      ],
      [
        0.0,
        0.0,
        0.0
      ],
      [
        0.0,
        0.4015731964883183,
        0.0
      ],
      [
        0.0,
        -0.4015731964883183,
        0.0
      ]
    ]
  }
}