{
  "shape": {
    "color": null,
    "degree": 3,
    "isRGB": null,
    "knot": [
      0,
      1,
      2,
      3,
      4,
      5,
      6,
      7,
      8,
      9,
      10,
      11,
      12
    ],
    "periodic": true,
    "points": [
      [
        1.0,
        1.0,
        0.0
      ],
      [
        0.0,
        1.4,
        0.0
      ],
      [
        -1.0,
        1.0,
        0.0
      ],
      [
        -1.4,
        0.0,
        0.0
      ],
      [
        -1.0,
        -1.0,
        0.0
      ],
      [
        0.0,
        -1.4,
        0.0
      ],
      [
        1.0,
        -1.0,
        0.0
      ],
      [
        1.4,
        0.0,
        0.0
      ],
      [
        1.0,
        1.0,
        0.0
      ],
      [
        0.0,
        1.4,
        0.0
      ],
      [
        -1.0,
        1.0,
        0.0
      ]
    ]
  }
}