{
  "shape": {
    "color": [
      0.3049333095550537,
      1.0,
      0.0
    ],
    "degree": 1,
    "isRGB": true,
    "knot": [
      0,
      1,
      2,
      3,
      4,
      5,
      6,
      7
    ],
    "periodic": false,
    "points": [
      [
        -1.0,
        0.0,
        0.0
      ],
      [
        1.0,
        0.0,
        0.0
      ],
      [
        0.0,
        0.0,
        0.0
      ],
      [
        0.0,
        0.0,
        -1.0
      ],
      [
        0.0,
        0.0,
        1.0
      ],
      [
        0.0,
        0.0,
        0.0
      ],
      [
        0.0,
        1.0,
        0.0
      ],
      [
        0.0,
        -1.0,
        0.0
      ]
    ]
  }
}