{
  "shape": {
    "color": [
      1.0,
      1.0,
      0.0
    ],
    "degree": 1,
    "isRGB": true,
    "knot": [
      0,
      1,
      2,
      3,
      4
    ],
    "periodic": true,
    "points": [
      [
        25.81899538299325,
        0.0,
        -25.81899538299325
      ],
      [
        25.81899538299325,
        0.0,
        25.81899538299325
      ],
      [
        -25.81899538299325,
        0.0,
        25.81899538299325
      ],
      [
        -25.81899538299325,
        0.0,
        -25.81899538299325
      ],
      [
        25.81899538299325,
        0.0,
        -25.81899538299325
      ]
    ]
  }
}