{
  "shape": {
    "color": [
      1.0,
      0.0,
      0.0
    ],
    "degree": 1,
    "isRGB": true,
    "knot": [
      0,
      1,
      2,
      3,
      4,
      5,
      6,
      7,
      8
    ],
    "periodic": false,
    "points": [
      [
        0.0,
        9.800444543968148,
        -4.059468688635052
      ],
      [
        0.0,
        4.0594771244731165,
        -9.800444543968148
      ],
      [
        0.0,
        -4.059468688635052,
        -9.800444543968148
      ],
      [
        0.0,
        -9.800444543968148,
        -4.0594771244731165
      ],
      [
        0.0,
        -9.800444543968148,
        4.059468688635052
      ],
      [
        0.0,
        -4.0594771244731165,
        9.800444543968148
      ],
      [
        0.0,
        4.059468688635052,
        9.800444543968148
      ],
      [
        0.0,
        9.800444543968148,
        4.0594771244731165
      ],
      [
        0.0,
        9.800444543968148,
        -4.059468688635052
      ]
    ]
  }
}