{
  "shape": {
    "color": [
      1.0,
      1.0,
      0.0
    ],
    "degree": 1,
    "isRGB": true,
    "knot": [
      0,
      1,
      2,
      3,
      4,
      5,
      6,
      7,
      8,
      9
    ],
    "periodic": false,
    "points": [
      [
        0.0,
        0.0,
        48.307832216184565
      ],
      [
        31.90057998240902,
        0.0,
        36.697003813942146
      ],
      [
        48.87448824413893,
        0.0,
        7.297240669472656
      ],
      [
        42.97952000003229,
        0.0,
        -26.134837527702704
      ],
      [
        16.97390826172987,
        0.0,
        -47.95612671302192
      ],
      [
        -16.97390826172987,
        0.0,
        -47.95612671302192
      ],
      [
        -42.9794806096461,
        0.0,
        -26.134837527702704
      ],
      [
        -48.87448824413893,
        0.0,
        7.297240669472656
      ],
      [
        -31.90057998240902,
        0.0,
        36.69696442355598
      ],
      [
        0.0,
        0.0,
        48.307832216184565
      ]
    ]
  }
}