{
  "shape": {
    "color": null,
    "degree": 1,
    "isRGB": null,
    "knot": [
      0,
      1,
      2,
      3,
      4
    ],
    "periodic": true,
    "points": [
      [
        -0.5,
        0.0,
        -3.117207534816935
      ],
      [
        0.5,
        0.0,
        -3.117207534816935
      ],
      [
        0.5,
        0.0,
        3.117207534816935
      ],
      [
        -0.5,
        0.0,
        3.117207534816935
      ],
      [
        -0.5,
        0.0,
        -3.117207534816935
      ]
    ]
  }
}