{
  "componentsData": [
    {
      "componentAttr": {
        "jointCount": 70,
        "parentMap": {
          "fk01": "",
          "fk02": "fk01",
          "fk03": "fk02",
          "fk04": "fk03",
          "fk05": "fk04",
          "fk06": "fk05",
          "fk07": "fk05",
          "fk08": "fk05",
          "fk09": "fk05",
          "fk10": "fk05",
          "fk11": "fk05",
          "fk12": "fk04",
          "fk13": "fk04",
          "fk14": "fk04",
          "fk15": "fk04",
          "fk16": "fk04",
          "fk17": "fk02",
          "fk18": "fk17",
          "fk19": "fk18",
          "fk20": "fk19",
          "fk21": "fk19",
          "fk22": "fk19",
          "fk23": "fk19",
          "fk24": "fk19",
          "fk25": "fk19",
          "fk26": "fk18",
          "fk27": "fk18",
          "fk28": "fk18",
          "fk29": "fk18",
          "fk30": "fk18",
          "fk31": "fk02",
          "fk32": "fk31",
          "fk33": "fk31",
          "fk34": "fk31",
          "fk35": "fk31",
          "fk36": "fk31",
          "fk37": "fk01",
          "fk38": "fk01",
          "fk39": "fk01",
          "fk40": "fk01",
          "fk41": "fk01",
          "fk42": "fk01",
          "fk43": "fk42",
          "fk44": "fk43",
          "fk45": "fk44",
          "fk46": "fk45",
          "fk47": "fk44",
          "fk48": "fk44",
          "fk49": "fk44",
          "fk50": "fk44",
          "fk51": "fk44",
          "fk52": "fk43",
          "fk53": "fk43",
          "fk54": "fk43",
          "fk55": "fk43",
          "fk56": "fk43",
          "fk57": "fk42",
          "fk58": "fk57",
          "fk59": "fk58",
          "fk60": "fk59",
          "fk61": "fk58",
          "fk62": "fk58",
          "fk63": "fk58",
          "fk64": "fk58",
          "fk65": "fk58",
          "fk66": "fk57",
          "fk67": "fk57",
          "fk68": "fk57",
          "fk69": "fk57",
          "fk70": "fk57"
        }
      },
      "controlShapesData": [],
      "guidesTransformsData": {
        "fk01": {
          "localMatrix": [
            1.0,
            0.0,
            0.0,
            0.0,
            0.0,
            1.0,
            0.0,
            0.0,
            0.0,
            0.0,
            1.0,
            0.0,
            0.0,
            0.0,
            -2.7755575615628914e-17,
            1.0
          ],
          "rotateOrder": 0
        },
        "fk02": {
          "localMatrix": [
            1.0,
            0.0,
            0.0,
            0.0,
            0.0,
            1.0,
            0.0,
            0.0,
            0.0,
            0.0,
            1.0,
            0.0,
            1.3877787807814457e-17,
            0.7100191712379451,
            -8.326672684688674e-17,
            1.0
          ],
          "rotateOrder": 0
        },
        "fk03": {
          "localMatrix": [
            1.0,
            0.0,
            0.0,
            0.0,
            0.0,
            1.0,
            0.0,
            0.0,
            0.0,
            0.0,
            1.0,
            0.0,
            0.17504049837589264,
            0.39318510890006975,
            0.1656377464532852,
            1.0
          ],
          "rotateOrder": 0
        },
        "fk04": {
          "localMatrix": [
            0.9980307203684078,
            -0.060286873866887906,
            0.017325531457215947,
            0.0,
            0.056647755552038166,
            0.9848636067561167,
            0.16381302719335122,
            0.0,
            -0.026939060708078902,
            -0.1625089810647124,
            0.9863392510092435,
            0.0,
            0.3499642312526703,
            0.023421766236425334,
            -0.15192748606204998,
            1.0
          ],
          "rotateOrder": 0
        },
        "fk05": {
          "localMatrix": [
            0.6870806007895238,
            0.7265756765828398,
            0.0028344694204748087,
            0.0,
            -0.7265694940714483,
            0.6870864473981335,
            -0.0029973465884634877,
            0.0,
            -0.004125324649838808,
            -2.0318019450281735e-08,
            0.9999914908120634,
            0.0,
            1.9294805526733403,
            0.0,
            -7.022160630754115e-15,
            1.0
          ],
          "rotateOrder": 0
        },
        "fk06": {
          "localMatrix": [
            1.0,
            0.0,
            0.0,
            0.0,
            0.0,
            1.0,
            0.0,
            0.0,
            0.0,
            0.0,
            1.0,
            0.0,
            1.9270049333572392,
            -1.50712775592865e-14,
            9.011220186705415e-09,
            1.0
          ],
          "rotateOrder": 0
        },
        "fk07": {
          "localMatrix": [
            0.8578877845530879,
            -0.5138370842150211,
            -0.0,
            0.0,
            0.5138370842150211,
            0.8578877845530879,
            0.0,
            0.0,
            0.0,
            -0.0,
            1.0,
            0.0,
            1.8370532989501966,
            0.05492978915572283,
            8.39150079978701e-09,
            1.0
          ],
          "rotateOrder": 0
        },
        "fk08": {
          "localMatrix": [
            0.905979770717077,
            -0.42332098347640723,
            -0.0,
            0.0,
            0.42332098347640723,
            0.905979770717077,
            0.0,
            0.0,
            0.0,
            -0.0,
            1.0,
            0.0,
            1.46620500087738,
            0.2548930644989022,
            6.135713659372044e-09,
            1.0
          ],
          "rotateOrder": 0
        },
        "fk09": {
          "localMatrix": [
            0.9999999999999577,
            2.910180620472129e-07,
            0.0,
            0.0,
            -2.910180620472129e-07,
            0.9999999999999577,
            0.0,
            0.0,
            0.0,
            0.0,
            1.0,
            0.0,
            0.9635023474693294,
            0.3994967937469488,
            4.505613188099389e-09,
            1.0
          ],
          "rotateOrder": 0
        },
        "fk10": {
          "localMatrix": [
            0.905979726005808,
            0.42332107916620576,
            0.0,
            0.0,
            -0.42332107916620576,
            0.905979726005808,
            0.0,
            0.0,
            0.0,
            0.0,
            1.0,
            0.0,
            0.46079966425895647,
            0.25489291548728993,
            2.8755111347589235e-09,
            1.0
          ],
          "rotateOrder": 0
        },
        "fk11": {
          "localMatrix": [
            0.85788775802184,
            0.5138371285108354,
            0.0,
            0.0,
            -0.5138371285108354,
            0.85788775802184,
            0.0,
            0.0,
            0.0,
            0.0,
            1.0,
            0.0,
            0.089951410889626,
            0.05492963269352967,
            6.197240220995326e-10,
            1.0
          ],
          "rotateOrder": 0
        },
        "fk12": {
          "localMatrix": [
            0.7475159197712047,
            0.6642438932264336,
            0.0,
            0.0,
            -0.6642257267395459,
            0.7474954758675523,
            -0.0073957754741307,
            0.0,
            -0.004912598694365149,
            0.005528459905966127,
            0.9999726508785809,
            0.0,
            1.84410834312439,
            -0.07725854218006134,
            -8.493206138382448e-15,
            1.0
          ],
          "rotateOrder": 0
        },
        "fk13": {
          "localMatrix": [
            0.8178317702264207,
            0.5754573794889758,
            -1.734723475976807e-18,
            0.0,
            -0.575111920128292,
            0.8173408083401728,
            -0.034645091256656324,
            0.0,
            -0.019936773426711872,
            0.028333856312087135,
            0.9993996786330371,
            0.0,
            1.4854143857955937,
            -0.36575642228126526,
            -1.9290125052862095e-14,
            1.0
          ],
          "rotateOrder": 0
        },
        "fk14": {
          "localMatrix": [
            0.9999999999998763,
            -4.973018672062766e-07,
            0.0,
            0.0,
            4.95592046029887e-07,
            0.9965618042295793,
            -0.08285270273467231,
            0.0,
            4.1202803773039115e-08,
            0.08285270273466207,
            0.9965618042297025,
            0.0,
            0.9647400975227357,
            -0.5922008752822874,
            -1.4432899320127035e-15,
            1.0
          ],
          "rotateOrder": 0
        },
        "fk15": {
          "localMatrix": [
            0.8178316959810035,
            -0.575457485005483,
            3.469446951953615e-18,
            0.0,
            0.5725132609276915,
            0.8136474081167743,
            -0.10102703265362388,
            0.0,
            0.0581367621284212,
            0.08262310945504142,
            0.9948836809764263,
            0.0,
            0.44406586885452304,
            -0.36575624346733093,
            1.634803403760543e-14,
            1.0
          ],
          "rotateOrder": 0
        },
        "fk16": {
          "localMatrix": [
            0.7475158811045599,
            -0.664243936740467,
            -6.938893903907228e-18,
            0.0,
            0.6597002304151044,
            0.7424025598540103,
            -0.11676491387600477,
            0.0,
            0.07756038606615898,
            0.08728362747811974,
            0.9931595817830734,
            0.0,
            0.08537200838327419,
            -0.07725831121206328,
            5.467848396278896e-15,
            1.0
          ],
          "rotateOrder": 0
        },
        "fk17": {
          "localMatrix": [
            1.0,
            0.0,
            0.0,
            0.0,
            0.0,
            -1.0,
            1.2246467991473532e-16,
            0.0,
            0.0,
            -1.2246467991473532e-16,
            -1.0,
            0.0,
            -0.17504049837589264,
            0.39318510890007063,
            0.16563774645328525,
            1.0
          ],
          "rotateOrder": 0
        },
        "fk18": {
          "localMatrix": [
            0.9979111778056224,
            0.060956333484282456,
            -0.021391741835302576,
            0.0,
            -0.056647755811858234,
            0.9848636081137186,
            0.16381301894143735,
            0.0,
            0.03105338905941461,
            -0.16225904850386796,
            0.9862594426450598,
            0.0,
            -0.3499642312526703,
            -0.023421766236424002,
            0.15192748606204987,
            1.0
          ],
          "rotateOrder": 0
        },
        "fk19": {
          "localMatrix": [
            0.6223269067786753,
            -0.7827532370107947,
            0.002567303723495908,
            0.0,
            0.7827465763552196,
            0.6223322022434017,
            0.0032291260520638586,
            0.0,
            -0.004125324650039767,
            -2.382754890769243e-08,
            0.9999914908120625,
            0.0,
            -1.9294805526733405,
            1.3322676295501878e-15,
            -6.772360450213455e-15,
            1.0
          ],
          "rotateOrder": 0
        },
        "fk20": {
          "localMatrix": [
            1.0,
            0.0,
            0.0,
            0.0,
            0.0,
            1.0,
            0.0,
            0.0,
            0.0,
            0.0,
            1.0,
            0.0,
            -1.927004933357239,
            -1.3322676295501878e-15,
            5.995204332975845e-15,
            1.0
          ],
          "rotateOrder": 0
        },
        "fk21": {
          "localMatrix": [
            0.8096614432835514,
            0.5868972203546347,
            0.0,
            0.0,
            -0.5868972203546347,
            0.8096614432835514,
            0.0,
            0.0,
            0.0,
            0.0,
            1.0,
            0.0,
            -1.8391340970993042,
            0.06490721553563983,
            -1.0852430065710905e-14,
            1.0
          ],
          "rotateOrder": 0
        },
        "fk22": {
          "localMatrix": [
            0.8690865212784978,
            0.49466010404320987,
            0.0,
            0.0,
            -0.49466010404320987,
            0.8690865212784978,
            0.0,
            0.0,
            0.0,
            0.0,
            1.0,
            0.0,
            -1.4736683368682864,
            0.3039554059505458,
            -5.309641615269811e-14,
            1.0
          ],
          "rotateOrder": 0
        },
        "fk23": {
          "localMatrix": [
            0.9999999999999302,
            -3.7383914513558963e-07,
            -0.0,
            0.0,
            3.7383914513558963e-07,
            0.9999999999999302,
            0.0,
            0.0,
            0.0,
            -0.0,
            1.0,
            0.0,
            -0.9635022878646851,
            0.4830259084701529,
            -2.3869795029440866e-15,
            1.0
          ],
          "rotateOrder": 0
        },
        "fk24": {
          "localMatrix": [
            0.8690864624770367,
            -0.49466020735364413,
            -0.0,
            0.0,
            0.49466020735364413,
            0.8690864624770367,
            0.0,
            0.0,
            0.0,
            -0.0,
            1.0,
            0.0,
            -0.4533363580703731,
            0.3039552569389339,
            5.165312622068541e-14,
            1.0
          ],
          "rotateOrder": 0
        },
        "fk25": {
          "localMatrix": [
            0.8096614106015456,
            -0.5868972654415042,
            -0.0,
            0.0,
            0.5868972654415042,
            0.8096614106015456,
            0.0,
            0.0,
            0.0,
            -0.0,
            1.0,
            0.0,
            -0.08787058293819411,
            0.0649070218205452,
            1.4016565685892601e-14,
            1.0
          ],
          "rotateOrder": 0
        },
        "fk26": {
          "localMatrix": [
            0.7493190080483261,
            -0.6622091997076698,
            2.168404344971009e-19,
            0.0,
            0.6622018140808799,
            0.749310650884846,
            -0.0047229120804919865,
            0.0,
            0.0031275558291122838,
            0.0035389677952537115,
            0.9999888469885452,
            0.0,
            -1.8440337181091315,
            -0.07690501213073775,
            6.189493362285248e-15,
            1.0
          ],
          "rotateOrder": 0
        },
        "fk27": {
          "localMatrix": [
            0.8193766087759503,
            -0.5732555913297517,
            0.0,
            0.0,
            0.5729556259881667,
            0.8189478565961975,
            -0.03234592439553661,
            0.0,
            0.01854248201647078,
            0.026503493838938068,
            0.9994767336836802,
            0.0,
            -1.4851261377334601,
            -0.3639724552631378,
            4.266031972122164e-14,
            1.0
          ],
          "rotateOrder": 0
        },
        "fk28": {
          "localMatrix": [
            0.9999999999998783,
            4.933723057220227e-07,
            0.0,
            0.0,
            -4.917569467663174e-07,
            0.996725882387336,
            -0.08085490324615342,
            0.0,
            -3.989157004348576e-08,
            0.08085490324614357,
            0.9967258823874572,
            0.0,
            -0.964740097522736,
            -0.5889858007431035,
            -3.3029134982598407e-15,
            1.0
          ],
          "rotateOrder": 0
        },
        "fk29": {
          "localMatrix": [
            0.8193765349636033,
            0.573255696832608,
            3.469446951953614e-18,
            0.0,
            -0.5703651555443775,
            0.8152449725247026,
            -0.10029568342673026,
            0.0,
            -0.05749507189209291,
            0.08217992955800074,
            0.9949576754244198,
            0.0,
            -0.4443541765213015,
            -0.3639722764492035,
            -4.937716902020384e-14,
            1.0
          ],
          "rotateOrder": 0
        },
        "fk30": {
          "localMatrix": [
            0.7493189695257909,
            0.6622092432976203,
            -6.938893903907228e-18,
            0.0,
            -0.6576823168621797,
            0.7441965525766834,
            -0.11672815093102074,
            0.0,
            -0.07729846049956166,
            0.08746661777028344,
            0.9931639032809362,
            0.0,
            -0.08544658124446869,
            -0.07690478116273924,
            -1.2906342661267445e-14,
            1.0
          ],
          "rotateOrder": 0
        },
        "fk31": {
          "localMatrix": [
            1.0,
            0.0,
            0.0,
            0.0,
            0.0,
            1.0,
            0.0,
            0.0,
            0.0,
            0.0,
            1.0,
            0.0,
            1.3877787807814457e-17,
            0.7580217123031612,
            -2.220446049250313e-16,
            1.0
          ],
          "rotateOrder": 0
        },
        "fk32": {
          "localMatrix": [
            0.9559962235801901,
            -0.27108386368738563,
            0.11218181380568824,
            0.0,
            0.2811670789982383,
            0.7374029868437857,
            -0.6141513727750367,
            0.0,
            0.08376332245090087,
            0.6186682259839944,
            0.7811743287959505,
            0.0,
            -0.08560576289892195,
            1.5352947711944585,
            -0.45742249488830583,
            1.0
          ],
          "rotateOrder": 0
        },
        "fk33": {
          "localMatrix": [
            0.9956211961288589,
            -0.04494966988138779,
            0.08196316853620654,
            0.0,
            0.08423717913062968,
            0.8115492564062452,
            -0.5781798181176724,
            0.0,
            -0.04052815652178796,
            0.5825524282019815,
            0.811782074774333,
            0.0,
            -0.09266281872987747,
            1.468234777450562,
            -0.409395903348923,
            1.0
          ],
          "rotateOrder": 0
        },
        "fk34": {
          "localMatrix": [
            0.9992942373651729,
            0.002679450700660802,
            0.03746795581160238,
            0.0,
            0.013887393858125851,
            0.9004304673667416,
            -0.4347782351148003,
            0.0,
            -0.034902255809427976,
            0.4349917171414348,
            0.8997577666004107,
            0.0,
            -0.12001728266477588,
            1.0710928440093999,
            -0.16248327493667608,
            1.0
          ],
          "rotateOrder": 0
        },
        "fk35": {
          "localMatrix": [
            0.991982532550318,
            0.12626236674702104,
            0.005335715368914038,
            0.0,
            -0.12487482309268204,
            0.9858187407623169,
            -0.11210570422316246,
            0.0,
            -0.01941477974710698,
            0.11054060387586354,
            0.9936819618077661,
            0.0,
            -0.08804975450038907,
            0.544208943843842,
            -0.012231072410941124,
            1.0
          ],
          "rotateOrder": 0
        },
        "fk36": {
          "localMatrix": [
            0.9845448987864374,
            0.17428629725844877,
            0.017193861158667254,
            0.0,
            -0.17458335246409126,
            0.984484739549788,
            0.01761960941635543,
            0.0,
            -0.01385623744032906,
            -0.020349058492364472,
            0.9996969143207713,
            0.0,
            -0.014508145861327655,
            0.08148779720068067,
            0.0016078595072031021,
            1.0
          ],
          "rotateOrder": 0
        },
        "fk37": {
          "localMatrix": [
            1.0,
            0.0,
            0.0,
            0.0,
            0.0,
            1.0,
            0.0,
            0.0,
            0.0,
            0.0,
            1.0,
            0.0,
            4.350686477749832e-14,
            0.6745181679725643,
            -1.1102230246251565e-16,
            1.0
          ],
          "rotateOrder": 0
        },
        "fk38": {
          "localMatrix": [
            1.0,
            0.0,
            0.0,
            0.0,
            0.0,
            1.0,
            0.0,
            0.0,
            0.0,
            0.0,
            1.0,
            0.0,
            1.5708268019665184e-13,
            0.5325143337249754,
            -1.3877787807814457e-16,
            1.0
          ],
          "rotateOrder": 0
        },
        "fk39": {
          "localMatrix": [
            1.0,
            0.0,
            0.0,
            0.0,
            0.0,
            1.0,
            0.0,
            0.0,
            0.0,
            0.0,
            1.0,
            0.0,
            2.0816681711721685e-16,
            0.3550095558166504,
            -5.551115123125783e-17,
            1.0
          ],
          "rotateOrder": 0
        },
        "fk40": {
          "localMatrix": [
            1.0,
            0.0,
            0.0,
            0.0,
            0.0,
            1.0,
            0.0,
            0.0,
            0.0,
            0.0,
            1.0,
            0.0,
            -1.5672185771364866e-13,
            0.17750477790832497,
            -2.7755575615628914e-17,
            1.0
          ],
          "rotateOrder": 0
        },
        "fk41": {
          "localMatrix": [
            1.0,
            0.0,
            0.0,
            0.0,
            0.0,
            1.0,
            0.0,
            0.0,
            0.0,
            0.0,
            1.0,
            0.0,
            -4.311828671887952e-14,
            0.03550095483660698,
            0.0,
            1.0
          ],
          "rotateOrder": 0
        },
        "fk42": {
          "localMatrix": [
            1.0,
            0.0,
            0.0,
            0.0,
            0.0,
            1.0,
            0.0,
            0.0,
            0.0,
            0.0,
            1.0,
            0.0,
            0.0,
            0.0,
            0.0,
            1.0
          ],
          "rotateOrder": 0
        },
        "fk43": {
          "localMatrix": [
            0.7977935687839082,
            0.5931671045295581,
            0.10806575642198496,
            0.0,
            -0.5950498236058395,
            0.8034999394960002,
            -0.01742281999514944,
            0.0,
            -0.09716547243591689,
            -0.05040469555452386,
            0.9939910651672684,
            0.0,
            -0.37345924973487854,
            -0.30115240812301647,
            0.05343750864267349,
            1.0
          ],
          "rotateOrder": 0
        },
        "fk44": {
          "localMatrix": [
            0.99935604687803,
            0.0,
            0.0358816327431822,
            0.0,
            -0.0,
            1.0,
            0.0,
            0.0,
            -0.0358816327431822,
            -0.0,
            0.99935604687803,
            0.0,
            -0.5674546360969543,
            -2.220446049250313e-16,
            -7.049916206369744e-15,
            1.0
          ],
          "rotateOrder": 0
        },
        "fk45": {
          "localMatrix": [
            0.6461221645357126,
            0.7632320151265751,
            -0.0017434395638501392,
            0.0,
            -0.7591394961529122,
            0.6428905400103457,
            0.10197538401942162,
            0.0,
            0.07895171864112856,
            -0.06456504201991498,
            0.994785394681978,
            0.0,
            -0.5807814598083496,
            5.551115123125783e-16,
            1.124100812432971e-14,
            1.0
          ],
          "rotateOrder": 0
        },
        "fk46": {
          "localMatrix": [
            0.0865833287826061,
            0.0,
            -0.9962446121193946,
            0.0,
            0.0,
            1.0,
            0.0,
            0.0,
            0.9962446121193946,
            0.0,
            0.0865833287826061,
            0.0,
            -0.27262115478515603,
            -1.4654943925052066e-13,
            2.295386103412511e-13,
            1.0
          ],
          "rotateOrder": 0
        },
        "fk47": {
          "localMatrix": [
            1.0,
            0.0,
            0.0,
            0.0,
            0.0,
            0.9999519555375762,
            0.009802378108256267,
            0.0,
            0.0,
            -0.009802378108256267,
            0.9999519555375762,
            0.0,
            -0.5517389774322509,
            5.218048215738236e-15,
            2.1649348980190553e-15,
            1.0
          ],
          "rotateOrder": 0
        },
        "fk48": {
          "localMatrix": [
            1.0,
            0.0,
            0.0,
            0.0,
            0.0,
            0.999970055300123,
            0.0077387662498023,
            0.0,
            0.0,
            -0.0077387662498023,
            0.999970055300123,
            0.0,
            -0.43558186292648315,
            2.3092638912203256e-14,
            -2.145505995088115e-14,
            1.0
          ],
          "rotateOrder": 0
        },
        "fk49": {
          "localMatrix": [
            1.0,
            0.0,
            0.0,
            0.0,
            0.0,
            0.9999866912075982,
            0.005159206109436171,
            0.0,
            0.0,
            -0.005159206109436171,
            0.9999866912075982,
            0.0,
            -0.2903907001018524,
            4.773959005888173e-14,
            4.052314039881821e-15,
            1.0
          ],
          "rotateOrder": 0
        },
        "fk50": {
          "localMatrix": [
            1.0,
            0.0,
            0.0,
            0.0,
            0.0,
            0.9999966727963644,
            0.0025796116376112553,
            0.0,
            0.0,
            -0.0025796116376112553,
            0.9999966727963644,
            0.0,
            -0.14519952237606054,
            4.063416270128073e-14,
            3.066991105526995e-14,
            1.0
          ],
          "rotateOrder": 0
        },
        "fk51": {
          "localMatrix": [
            1.0,
            0.0,
            0.0,
            0.0,
            0.0,
            0.9999998669117838,
            0.0005159228768281122,
            0.0,
            0.0,
            -0.0005159228768281122,
            0.9999998669117838,
            0.0,
            -0.02904241904616356,
            9.769962616701378e-15,
            8.770761894538737e-15,
            1.0
          ],
          "rotateOrder": 0
        },
        "fk52": {
          "localMatrix": [
            1.0,
            0.0,
            -0.0,
            0.0,
            -0.0,
            0.9999856299609938,
            -0.005360958078026417,
            0.0,
            0.0,
            0.005360958078026417,
            0.9999856299609938,
            0.0,
            -0.5390785336494446,
            1.1435297153639112e-14,
            -2.275957200481571e-15,
            1.0
          ],
          "rotateOrder": 0
        },
        "fk53": {
          "localMatrix": [
            1.0,
            0.0,
            -0.0,
            0.0,
            -0.0,
            0.9996407696742298,
            -0.026801708996133412,
            0.0,
            0.0,
            0.026801708996133412,
            0.9996407696742298,
            0.0,
            -0.4255868196487425,
            4.829470157119431e-14,
            1.0075273948473296e-14,
            1.0
          ],
          "rotateOrder": 0
        },
        "fk54": {
          "localMatrix": [
            1.0,
            0.0,
            -0.0,
            0.0,
            -0.0,
            0.998563336789772,
            -0.05358416201897901,
            0.0,
            0.0,
            0.05358416201897901,
            0.998563336789772,
            0.0,
            -0.28372725844383234,
            5.728750807065808e-14,
            -3.4416913763379853e-15,
            1.0
          ],
          "rotateOrder": 0
        },
        "fk55": {
          "localMatrix": [
            1.0,
            0.0,
            -0.0,
            0.0,
            -0.0,
            0.996768475439759,
            -0.08032811692986812,
            0.0,
            0.0,
            0.08032811692986812,
            0.996768475439759,
            0.0,
            -0.14186771214008326,
            6.59472476627343e-14,
            -1.6958656701149266e-14,
            1.0
          ],
          "rotateOrder": 0
        },
        "fk56": {
          "localMatrix": [
            1.0,
            0.0,
            -0.0,
            0.0,
            -0.0,
            0.9948168871364309,
            -0.10168264880588908,
            0.0,
            0.0,
            0.10168264880588908,
            0.9948168871364309,
            0.0,
            -0.028376000002026447,
            1.0236256287043943e-13,
            -4.6074255521944e-15,
            1.0
          ],
          "rotateOrder": 0
        },
        "fk57": {
          "localMatrix": [
            0.6874634168471359,
            -0.7234895991086177,
            -0.06290350132157012,
            0.0,
            -0.7257494599958165,
            -0.6875511335425704,
            -0.023688817617325757,
            0.0,
            -0.026110760476125944,
            0.06193737761625105,
            -0.9977384373879661,
            0.0,
            0.37345924973487854,
            -0.30115240812301647,
            0.05343750864267352,
            1.0
          ],
          "rotateOrder": 0
        },
        "fk58": {
          "localMatrix": [
            0.9990623352914044,
            0.0,
            0.04329492120428722,
            0.0,
            -0.0,
            1.0,
            0.0,
            0.0,
            -0.04329492120428722,
            -0.0,
            0.9990623352914044,
            0.0,
            0.5673105120658875,
            2.220446049250313e-16,
            -7.022160630754115e-15,
            1.0
          ],
          "rotateOrder": 0
        },
        "fk59": {
          "localMatrix": [
            0.6845226714617463,
            0.7288907203600402,
            -0.012125593919308345,
            0.0,
            -0.725901182944315,
            0.6830564594804613,
            0.08063092311303967,
            0.0,
            0.06705359688277907,
            -0.046391711921836255,
            0.9966702685492546,
            0.0,
            0.5806339979171752,
            -1.1102230246251565e-15,
            1.6375789613221059e-15,
            1.0
          ],
          "rotateOrder": 0
        },
        "fk60": {
          "localMatrix": [
            0.08658332878259589,
            0.0,
            -0.9962446121193955,
            0.0,
            0.0,
            1.0,
            0.0,
            0.0,
            0.9962446121193955,
            0.0,
            0.08658332878259589,
            0.0,
            0.2726211547851559,
            -3.5083047578154947e-14,
            -1.2992384945675894e-13,
            1.0
          ],
          "rotateOrder": 0
        },
        "fk61": {
          "localMatrix": [
            1.0,
            0.0,
            -0.0,
            0.0,
            -0.0,
            0.999924865736272,
            -0.012258176140775033,
            0.0,
            0.0,
            0.012258176140775033,
            0.999924865736272,
            0.0,
            0.5515988469123839,
            -4.440892098500626e-16,
            2.8033131371785203e-15,
            1.0
          ],
          "rotateOrder": 0
        },
        "fk62": {
          "localMatrix": [
            1.0,
            0.0,
            -0.0,
            0.0,
            -0.0,
            0.9999531709443444,
            -0.009677598790542512,
            0.0,
            0.0,
            0.009677598790542512,
            0.9999531709443444,
            0.0,
            0.4354712665081022,
            2.6645352591003757e-15,
            5.6343818499726694e-15,
            1.0
          ],
          "rotateOrder": 0
        },
        "fk63": {
          "localMatrix": [
            1.0,
            0.0,
            -0.0,
            0.0,
            -0.0,
            0.999979186996129,
            -0.00645178847769004,
            0.0,
            0.0,
            0.00645178847769004,
            0.999979186996129,
            0.0,
            0.29031696915626515,
            -9.992007221626409e-16,
            7.494005416219807e-16,
            1.0
          ],
          "rotateOrder": 0
        },
        "fk64": {
          "localMatrix": [
            1.0,
            0.0,
            -0.0,
            0.0,
            -0.0,
            0.9999947967354953,
            -0.0032259110241133326,
            0.0,
            0.0,
            0.0032259110241133326,
            0.9999947967354953,
            0.0,
            0.14516265690326663,
            -4.107825191113079e-15,
            -3.969047313034935e-15,
            1.0
          ],
          "rotateOrder": 0
        },
        "fk65": {
          "localMatrix": [
            1.0,
            0.0,
            -0.0,
            0.0,
            -0.0,
            0.9999997918692466,
            -0.0006451832790822786,
            0.0,
            0.0,
            0.0006451832790822786,
            0.9999997918692466,
            0.0,
            0.02903504483401753,
            -8.881784197001252e-16,
            -1.1379786002407855e-15,
            1.0
          ],
          "rotateOrder": 0
        },
        "fk66": {
          "localMatrix": [
            1.0,
            0.0,
            -0.0,
            0.0,
            -0.0,
            0.9999748562857325,
            -0.007091318377330835,
            0.0,
            0.0,
            0.007091318377330835,
            0.9999748562857325,
            0.0,
            0.5389416813850403,
            3.3306690738754696e-16,
            -5.9119376061289586e-15,
            1.0
          ],
          "rotateOrder": 0
        },
        "fk67": {
          "localMatrix": [
            1.0,
            0.0,
            -0.0,
            0.0,
            -0.0,
            0.9993714703617217,
            -0.035449460179956406,
            0.0,
            0.0,
            0.035449460179956406,
            0.9993714703617217,
            0.0,
            0.4254787564277648,
            2.220446049250313e-16,
            -2.886579864025407e-15,
            1.0
          ],
          "rotateOrder": 0
        },
        "fk68": {
          "localMatrix": [
            1.0,
            0.0,
            -0.0,
            0.0,
            -0.0,
            0.9974866715458984,
            -0.07085435828715778,
            0.0,
            0.0,
            0.07085435828715778,
            0.9974866715458984,
            0.0,
            0.2836552262306213,
            2.220446049250313e-16,
            -3.469446951953614e-15,
            1.0
          ],
          "rotateOrder": 0
        },
        "fk69": {
          "localMatrix": [
            1.0,
            0.0,
            -0.0,
            0.0,
            -0.0,
            0.9943479728563661,
            -0.10617018826598863,
            0.0,
            0.0,
            0.10617018826598863,
            0.9943479728563661,
            0.0,
            0.14183169603347778,
            2.220446049250313e-16,
            -4.08006961549745e-15,
            1.0
          ],
          "rotateOrder": 0
        },
        "fk70": {
          "localMatrix": [
            1.0,
            0.0,
            -0.0,
            0.0,
            -0.0,
            0.9909368045473772,
            -0.13432888517900105,
            0.0,
            0.0,
            0.13432888517900105,
            0.9909368045473772,
            0.0,
            0.028368793427944128,
            -1.1102230246251565e-16,
            -1.0269562977782698e-15,
            1.0
          ],
          "rotateOrder": 0
        },
        "root": {
          "localMatrix": [
            34.58677708003231,
            1.9632426500640787,
            -1.0049250184357716,
            0.0,
            -2.1009688653553513,
            34.13244211420465,
            -5.627758872485,
            0.0,
            0.6709141692617687,
            5.677272091153952,
            34.1822731918175,
            0.0,
            0.0,
            38.98721487830391,
            0.0,
            1.0
          ],
          "rotateOrder": 0
        }
      },
      "metaClass": "FkChain",
      "metaId": "ccda56f1-46c0-4b2d-989f-1192fa390ff2",
      "name": "FkChain",
      "origScale": 1.0,
      "parentGuideNodeTag": null,
      "parentMetaClass": "ComponentsManager",
      "parentMetaId": "129bdfba-9488-49e3-8a33-cb9955dda925",
      "side": "M",
      "spaceSwitchInfo": []
    }
  ],
  "rigName": "fk"
}